{"cameraMode":{"drawMode":0,"name":"Shaded","section":"Shading Mode"},"sceneLighting":true,"audioPlay":false,"sceneViewState":{"showFog":true,"showMaterialUpdate":false,"showSkybox":true,"showFlares":true,"showImageEffects":true,"showParticleSystems":true},"in2DMode":false,"pivot":{"x":-7.027585029602051,"y":3.9751923084259035,"z":1.7939683198928834},"rotation":{"x":0.03209379315376282,"y":0.7164322733879089,"z":-0.03240426629781723,"w":0.6964325904846191},"size":10.67834186553955,"orthographic":false}